Date,Open,High,Low,Close,Volume
03.10.2005 06:00:00.000 GMT+0900,1.5988,1.6042,1.5979,1.6021,67996
10.10.2005 06:00:00.000 GMT+0900,1.6021,1.6092,1.586,1.6047,765831
17.10.2005 06:00:00.000 GMT+0900,1.6047,1.6096,1.5879,1.5953,1008258
24.10.2005 06:00:00.000 GMT+0900,1.5953,1.6143,1.5915,1.6103,1038553
31.10.2005 07:00:00.000 GMT+0900,1.6103,1.62887,1.601,1.6106,682212.7996
07.11.2005 07:00:00.000 GMT+0900,1.61082,1.61404,1.59273,1.59924,588300.8988
14.11.2005 07:00:00.000 GMT+0900,1.59904,1.6081,1.59241,1.6037,592335.4017
21.11.2005 07:00:00.000 GMT+0900,1.60375,1.60943,1.59053,1.5923,599610.2996
28.11.2005 07:00:00.000 GMT+0900,1.59248,1.60157,1.56244,1.56554,600390.1021
05.12.2005 07:00:00.000 GMT+0900,1.56553,1.57935,1.56122,1.57352,603575.7012
12.12.2005 07:00:00.000 GMT+0900,1.57345,1.61698,1.56995,1.6146,604510.5017
19.12.2005 07:00:00.000 GMT+0900,1.61271,1.63215,1.58365,1.62763,598889.8989
26.12.2005 07:00:00.000 GMT+0900,1.62709,1.63616,1.60607,1.6136,475389.1996
02.01.2006 07:00:00.000 GMT+0900,1.61292,1.62703,1.60902,1.6103,483026.4013
09.01.2006 07:00:00.000 GMT+0900,1.6104,1.61407,1.5972,1.6069,607360.2981
16.01.2006 07:00:00.000 GMT+0900,1.60648,1.62417,1.6011,1.6218,600179.2022
23.01.2006 07:00:00.000 GMT+0900,1.62198,1.63921,1.60926,1.61285,576112.7998
30.01.2006 07:00:00.000 GMT+0900,1.61288,1.61641,1.59937,1.6048,603336.1
06.02.2006 07:00:00.000 GMT+0900,1.60467,1.62452,1.60395,1.61298,600419.1012
13.02.2006 07:00:00.000 GMT+0900,1.61228,1.6184,1.58915,1.61367,604798.3012
20.02.2006 07:00:00.000 GMT+0900,1.61361,1.62022,1.60361,1.6052,603866.1989
27.02.2006 07:00:00.000 GMT+0900,1.60525,1.6172,1.59654,1.6152,602808.5003
06.03.2006 07:00:00.000 GMT+0900,1.61706,1.62996,1.61394,1.62685,603685.0983
13.03.2006 07:00:00.000 GMT+0900,1.62587,1.67771,1.62155,1.67509,600961.1984
20.03.2006 07:00:00.000 GMT+0900,1.67449,1.69938,1.67136,1.6977,603647.2987
27.03.2006 07:00:00.000 GMT+0900,1.69764,1.71123,1.68813,1.6908,603740.2014
03.04.2006 06:00:00.000 GMT+0900,1.69111,1.70465,1.66122,1.66465,601893.0999
10.04.2006 06:00:00.000 GMT+0900,1.66515,1.66756,1.64996,1.66265,599292.3989
17.04.2006 06:00:00.000 GMT+0900,1.66314,1.67321,1.65265,1.65805,602396.5014
24.04.2006 06:00:00.000 GMT+0900,1.65776,1.67104,1.64996,1.66285,586260.1995
01.05.2006 06:00:00.000 GMT+0900,1.66345,1.66526,1.63687,1.64715,599051.6978
08.05.2006 06:00:00.000 GMT+0900,1.64754,1.67207,1.64379,1.67141,600225.3002
15.05.2006 06:00:00.000 GMT+0900,1.67165,1.68808,1.66821,1.68425,601985.9998
22.05.2006 06:00:00.000 GMT+0900,1.68445,1.7114,1.67635,1.68025,595602.5007
29.05.2006 06:00:00.000 GMT+0900,1.68045,1.7236,1.67813,1.71615,603295.5998
05.06.2006 06:00:00.000 GMT+0900,1.71635,1.73458,1.68263,1.68855,605903.4004
12.06.2006 06:00:00.000 GMT+0900,1.6888,1.71283,1.68152,1.71106,602890.1989
19.06.2006 06:00:00.000 GMT+0900,1.71115,1.72099,1.69889,1.70775,601668.3019
26.06.2006 06:00:00.000 GMT+0900,1.70795,1.7246,1.70631,1.7199,586910.7996
03.07.2006 06:00:00.000 GMT+0900,1.71963,1.7256,1.70174,1.70365,571613.8008
10.07.2006 06:00:00.000 GMT+0900,1.70411,1.70642,1.67451,1.67875,596797.1992
17.07.2006 06:00:00.000 GMT+0900,1.67865,1.6876,1.66261,1.68615,596491.3992
24.07.2006 06:00:00.000 GMT+0900,1.68657,1.68884,1.65757,1.66185,597252.0992
31.07.2006 06:00:00.000 GMT+0900,1.66252,1.68616,1.66107,1.68099,585622.3012
07.08.2006 06:00:00.000 GMT+0900,1.68116,1.69192,1.65697,1.65915,449220.2993
14.08.2006 06:00:00.000 GMT+0900,1.65974,1.69184,1.65915,1.68815,565414.6015
21.08.2006 06:00:00.000 GMT+0900,1.68864,1.69538,1.67086,1.68325,596902.9987
28.08.2006 06:00:00.000 GMT+0900,1.6835,1.69036,1.67091,1.67258,581735.7979
04.09.2006 06:00:00.000 GMT+0900,1.67287,1.68181,1.65943,1.67988,566973.9995
11.09.2006 06:00:00.000 GMT+0900,1.68006,1.69445,1.67841,1.68108,596132.3974
18.09.2006 06:00:00.000 GMT+0900,1.68063,1.70702,1.677,1.70329,588083.3988
25.09.2006 06:00:00.000 GMT+0900,1.70373,1.70662,1.68409,1.6984,456731.8006
02.10.2006 06:00:00.000 GMT+0900,1.6984,1.7138,1.6931,1.6954,90942
09.10.2006 06:00:00.000 GMT+0900,1.6954,1.6954,1.6954,1.6954,0
16.10.2006 06:00:00.000 GMT+0900,1.6954,1.6954,1.6954,1.6954,0
23.10.2006 06:00:00.000 GMT+0900,1.6954,1.6954,1.6954,1.6954,0
30.10.2006 07:00:00.000 GMT+0900,1.65726,1.6954,1.6489,1.6489,5
06.11.2006 07:00:00.000 GMT+0900,1.6489,1.6489,1.6489,1.6489,0
13.11.2006 07:00:00.000 GMT+0900,1.6489,1.6489,1.6489,1.6489,0
20.11.2006 07:00:00.000 GMT+0900,1.6489,1.6489,1.6489,1.6489,0
27.11.2006 07:00:00.000 GMT+0900,1.6489,1.6489,1.6489,1.6489,0
04.12.2006 07:00:00.000 GMT+0900,1.6489,1.6489,1.6489,1.6489,0
11.12.2006 07:00:00.000 GMT+0900,1.6489,1.6489,1.6489,1.6489,0
18.12.2006 07:00:00.000 GMT+0900,1.6489,1.6489,1.6489,1.6489,0
25.12.2006 07:00:00.000 GMT+0900,1.6489,1.67055,1.6489,1.6697,8
01.01.2007 07:00:00.000 GMT+0900,1.6697,1.6697,1.6697,1.6697,0
08.01.2007 07:00:00.000 GMT+0900,1.6697,1.6697,1.6697,1.6697,0
15.01.2007 07:00:00.000 GMT+0900,1.6697,1.6697,1.6429,1.6429,8
22.01.2007 07:00:00.000 GMT+0900,1.6429,1.6602,1.6429,1.6602,2
29.01.2007 07:00:00.000 GMT+0900,1.6602,1.68075,1.6602,1.68075,8
05.02.2007 07:00:00.000 GMT+0900,1.68075,1.68075,1.68075,1.68075,0
12.02.2007 07:00:00.000 GMT+0900,1.68075,1.6808,1.68075,1.6808,0
19.02.2007 07:00:00.000 GMT+0900,1.6808,1.6808,1.66255,1.6628,7
26.02.2007 07:00:00.000 GMT+0900,1.66388,1.67877,1.6626,1.67877,48.7
05.03.2007 07:00:00.000 GMT+0900,1.67877,1.67877,1.67877,1.67877,0
12.03.2007 06:00:00.000 GMT+0900,1.67696,1.69145,1.6697,1.67211,463404.9002
19.03.2007 06:00:00.000 GMT+0900,1.67487,1.67758,1.64711,1.64916,639012.4988
26.03.2007 06:00:00.000 GMT+0900,1.64785,1.66072,1.64201,1.65147,633461.6007
02.04.2007 06:00:00.000 GMT+0900,1.65013,1.6529,1.6286,1.6384,857367.1033
09.04.2007 06:00:00.000 GMT+0900,1.63817,1.6397,1.62039,1.62255,797626.2992
16.04.2007 06:00:00.000 GMT+0900,1.62533,1.6392,1.61873,1.622,741546.8024
23.04.2007 06:00:00.000 GMT+0900,1.62258,1.6498,1.62193,1.6445,738927.8983
30.04.2007 06:00:00.000 GMT+0900,1.64415,1.6593,1.639,1.654,768694.129
07.05.2007 06:00:00.000 GMT+0900,1.6554,1.6563,1.6216,1.6259,783503.149
14.05.2007 06:00:00.000 GMT+0900,1.62702,1.6445,1.6211,1.6412,781173.9192
21.05.2007 06:00:00.000 GMT+0900,1.63794,1.644,1.6296,1.643,778224.3985
28.05.2007 06:00:00.000 GMT+0900,1.64207,1.6477,1.613,1.6139,733931.6012
04.06.2007 06:00:00.000 GMT+0900,1.61389,1.61926,1.58133,1.58228,316422.1983
11.06.2007 06:00:00.000 GMT+0900,1.5831,1.59469,1.57663,1.58918,303542.4
18.06.2007 06:00:00.000 GMT+0900,1.59215,1.5946,1.57802,1.58923,300782.4003
25.06.2007 06:00:00.000 GMT+0900,1.58808,1.60843,1.58008,1.5949,312220.7992
02.07.2007 06:00:00.000 GMT+0900,1.59429,1.5953,1.5832,1.58702,1386582.4941
09.07.2007 06:00:00.000 GMT+0900,1.58768,1.60475,1.58037,1.58139,1405589.8
16.07.2007 06:00:00.000 GMT+0900,1.58281,1.58416,1.5653,1.5703,1801030.7271
23.07.2007 06:00:00.000 GMT+0900,1.57025,1.603,1.54718,1.6005,2122429.9483
30.07.2007 06:00:00.000 GMT+0900,1.59941,1.6165,1.5916,1.6112,1967300.1869
06.08.2007 06:00:00.000 GMT+0900,1.61756,1.6263,1.5931,1.6214,1740230.1357
13.08.2007 06:00:00.000 GMT+0900,1.62048,1.7449,1.6111,1.68878,2600224.1922
20.08.2007 06:00:00.000 GMT+0900,1.69102,1.7094,1.6451,1.6526,2333391.0485
27.08.2007 06:00:00.000 GMT+0900,1.64895,1.68445,1.6396,1.66445,2575665.6955
03.09.2007 06:00:00.000 GMT+0900,1.66966,1.6724,1.6408,1.665,2255946.1608
10.09.2007 06:00:00.000 GMT+0900,1.66525,1.6853,1.6445,1.6474,2109061.7425
17.09.2007 06:00:00.000 GMT+0900,1.6467,1.6752,1.6174,1.6252,2102117.7468
24.09.2007 06:00:00.000 GMT+0900,1.62515,1.6367,1.60265,1.6063,1972506.7376
01.10.2007 06:00:00.000 GMT+0900,1.60609,1.6112,1.5707,1.5742,2059991.8226
08.10.2007 06:00:00.000 GMT+0900,1.57195,1.583,1.5637,1.5669,2029532.1992
15.10.2007 06:00:00.000 GMT+0900,1.56647,1.60755,1.5626,1.60565,2932192.9218
22.10.2007 06:00:00.000 GMT+0900,1.6117,1.6223,1.56635,1.56655,2398441.0863
29.10.2007 06:00:00.000 GMT+0900,1.56763,1.58405,1.54955,1.57045,2153736.9476
05.11.2007 07:00:00.000 GMT+0900,1.57452,1.6121,1.55895,1.60872,2764935.533
12.11.2007 07:00:00.000 GMT+0900,1.6196,1.6596,1.6125,1.64105,4289327.2456
19.11.2007 07:00:00.000 GMT+0900,1.63579,1.716,1.63165,1.6893,1899749.1999
26.11.2007 07:00:00.000 GMT+0900,1.6825,1.7157,1.65274,1.65433,3914750.1711
03.12.2007 07:00:00.000 GMT+0900,1.65691,1.69985,1.654,1.67225,1617097.4791
10.12.2007 07:00:00.000 GMT+0900,1.67545,1.68415,1.6488,1.6757,1495315.0985
17.12.2007 07:00:00.000 GMT+0900,1.66771,1.68245,1.6525,1.65672,1401752.1011
24.12.2007 07:00:00.000 GMT+0900,1.65662,1.68565,1.64963,1.67959,927482.6005
31.12.2007 07:00:00.000 GMT+0900,1.67732,1.69585,1.65445,1.68915,3795167.4894
07.01.2008 07:00:00.000 GMT+0900,1.6915,1.69445,1.64765,1.65792,3379505.529
14.01.2008 07:00:00.000 GMT+0900,1.66135,1.68975,1.6483,1.66185,2836346.9568
21.01.2008 07:00:00.000 GMT+0900,1.661,1.6953,1.65355,1.66824,2038673.9703
28.01.2008 07:00:00.000 GMT+0900,1.671,1.6806,1.63516,1.63603,1351423.8387
04.02.2008 07:00:00.000 GMT+0900,1.63845,1.6434,1.6124,1.61897,1412412.8116
11.02.2008 07:00:00.000 GMT+0900,1.61957,1.632,1.60005,1.61433,682177.0576
18.02.2008 07:00:00.000 GMT+0900,1.6156,1.6174,1.5923,1.60499,755389.5592
25.02.2008 07:00:00.000 GMT+0900,1.60545,1.63322,1.59475,1.63322,862042.202
03.03.2008 07:00:00.000 GMT+0900,1.6279,1.6632,1.6118,1.65592,876950.2489
10.03.2008 06:00:00.000 GMT+0900,1.65696,1.6776,1.6467,1.67117,1043672.8007
17.03.2008 06:00:00.000 GMT+0900,1.6707,1.7255,1.6614,1.71,841745.2888
24.03.2008 06:00:00.000 GMT+0900,1.71197,1.7268,1.6932,1.7205,559443.9974
31.03.2008 06:00:00.000 GMT+0900,1.7239,1.74265,1.6984,1.70472,441209.9997
07.04.2008 06:00:00.000 GMT+0900,1.7056,1.70925,1.68315,1.7029,518090.7509
14.04.2008 06:00:00.000 GMT+0900,1.69295,1.71805,1.6859,1.6919,408474.0204
21.04.2008 06:00:00.000 GMT+0900,1.6944,1.6962,1.66195,1.6737,815664.8005
28.04.2008 06:00:00.000 GMT+0900,1.67173,1.67695,1.6429,1.6495,274687.1001
05.05.2008 06:00:00.000 GMT+0900,1.64867,1.653,1.62617,1.63995,265494.5991
12.05.2008 06:00:00.000 GMT+0900,1.64225,1.6634,1.6265,1.6293,246138.8503
19.05.2008 06:00:00.000 GMT+0900,1.6295,1.6468,1.61815,1.6421,208610.3223
26.05.2008 06:00:00.000 GMT+0900,1.64301,1.6454,1.6186,1.62685,207935.6255
02.06.2008 06:00:00.000 GMT+0900,1.63067,1.6399,1.6048,1.638,254077.4116
09.06.2008 06:00:00.000 GMT+0900,1.64079,1.653,1.6303,1.6368,461443.7302
16.06.2008 06:00:00.000 GMT+0900,1.63912,1.6508,1.6276,1.6361,836556.5994
23.06.2008 06:00:00.000 GMT+0900,1.6371,1.6508,1.62542,1.643,971528.0657
30.06.2008 06:00:00.000 GMT+0900,1.64169,1.6585,1.62635,1.6292,1161734.9967
07.07.2008 06:00:00.000 GMT+0900,1.62986,1.6536,1.6257,1.6486,1072677.0989
14.07.2008 06:00:00.000 GMT+0900,1.64414,1.64735,1.6204,1.63265,1085710.0991
21.07.2008 06:00:00.000 GMT+0900,1.6278,1.64405,1.6224,1.64155,1164351.2385
28.07.2008 06:00:00.000 GMT+0900,1.64369,1.6746,1.63519,1.6741,1118604.198
04.08.2008 06:00:00.000 GMT+0900,1.67522,1.7042,1.6689,1.6877,1239612.8168
11.08.2008 06:00:00.000 GMT+0900,1.68615,1.73575,1.6818,1.69475,1540045.8378
18.08.2008 06:00:00.000 GMT+0900,1.6929,1.7075,1.6828,1.7069,1368733.5128
25.08.2008 06:00:00.000 GMT+0900,1.7077,1.7209,1.69935,1.7095,1232266.2353
01.09.2008 06:00:00.000 GMT+0900,1.714,1.7718,1.70785,1.74825,1313902.9628
08.09.2008 06:00:00.000 GMT+0900,1.73195,1.76755,1.7206,1.72535,1418365.0149
15.09.2008 06:00:00.000 GMT+0900,1.74715,1.8251,1.73085,1.7338,1054097.5072
22.09.2008 06:00:00.000 GMT+0900,1.73131,1.76795,1.7247,1.7585,830949.4997
29.09.2008 06:00:00.000 GMT+0900,1.75705,1.8096,1.74035,1.7807,909740.3372
06.10.2008 06:00:00.000 GMT+0900,1.77062,2.11215,1.7638,2.0827,12291995.129
13.10.2008 06:00:00.000 GMT+0900,2.0186,2.0706,1.899,1.9462,23668296.7945
20.10.2008 06:00:00.000 GMT+0900,1.93069,2.07375,1.8895,2.0273,21309285.2709
27.10.2008 06:00:00.000 GMT+0900,2.03063,2.08205,1.88895,1.9037,5027785.6402
03.11.2008 07:00:00.000 GMT+0900,1.906,1.93275,1.84955,1.8859,1530773.9447
10.11.2008 07:00:00.000 GMT+0900,1.86839,1.96875,1.8492,1.944,737050.403
17.11.2008 07:00:00.000 GMT+0900,1.96699,2.05615,1.9288,1.991,783275.7001
24.11.2008 07:00:00.000 GMT+0900,1.9866,2.02855,1.93325,1.9378,923180.9996
01.12.2008 07:00:00.000 GMT+0900,1.94487,2.0113,1.94115,1.96525,819679.0484
08.12.2008 07:00:00.000 GMT+0900,1.96125,2.0455,1.925,2.0123,832071.0006
15.12.2008 07:00:00.000 GMT+0900,2.01389,2.1024,2.0099,2.0442,780151.2976
22.12.2008 07:00:00.000 GMT+0900,2.03885,2.06883,2.0252,2.05105,582793.6995
29.12.2008 07:00:00.000 GMT+0900,2.04848,2.0703,1.9486,1.9567,533375.4997
05.01.2009 07:00:00.000 GMT+0900,1.9532,1.9586,1.86045,1.91535,830455.303
12.01.2009 07:00:00.000 GMT+0900,1.9252,2.0056,1.91375,1.9699,1011473.6998
19.01.2009 07:00:00.000 GMT+0900,1.97066,1.9965,1.94145,1.9835,1190727.5952
26.01.2009 07:00:00.000 GMT+0900,1.97544,2.01905,1.96105,2.01192,970677.103800001
02.02.2009 07:00:00.000 GMT+0900,2.00528,2.0391,1.9013,1.91455,975441.6013
09.02.2009 07:00:00.000 GMT+0900,1.92333,1.9887,1.9061,1.95705,1070950.1017
16.02.2009 07:00:00.000 GMT+0900,1.96112,1.99905,1.95015,1.9866,957755.1253
23.02.2009 07:00:00.000 GMT+0900,1.98505,1.99425,1.9488,1.9828,1007080.1403
02.03.2009 07:00:00.000 GMT+0900,1.9744,1.999,1.93635,1.9739,1066617.9024
09.03.2009 06:00:00.000 GMT+0900,1.97596,2.0028,1.9551,1.96325,1195894.5182
16.03.2009 06:00:00.000 GMT+0900,1.96705,2.0049,1.9597,1.97615,1169784.7413
23.03.2009 06:00:00.000 GMT+0900,1.97435,1.97625,1.9125,1.9129,1019260.4087
30.03.2009 06:00:00.000 GMT+0900,1.91575,1.9463,1.8649,1.88465,926988.3009
06.04.2009 06:00:00.000 GMT+0900,1.88598,1.8989,1.8204,1.8313,774092.5997
13.04.2009 06:00:00.000 GMT+0900,1.81141,1.85,1.803,1.8046,883679.713500001
20.04.2009 06:00:00.000 GMT+0900,1.80163,1.85835,1.7996,1.8302,1002015.3048
27.04.2009 06:00:00.000 GMT+0900,1.83389,1.865,1.7983,1.8151,1188900.9982
04.05.2009 06:00:00.000 GMT+0900,1.81237,1.81544,1.74865,1.7729,1266199.5475
11.05.2009 06:00:00.000 GMT+0900,1.77424,1.81445,1.7674,1.8009,1201309.704
18.05.2009 06:00:00.000 GMT+0900,1.79967,1.80305,1.7539,1.7878,1249079.7053
25.05.2009 06:00:00.000 GMT+0900,1.79451,1.8003,1.76305,1.76685,1093709.8017
01.06.2009 06:00:00.000 GMT+0900,1.75829,1.7848,1.7292,1.7598,1248163.8009
08.06.2009 06:00:00.000 GMT+0900,1.7558,1.77,1.7147,1.72425,1217694.4924
15.06.2009 06:00:00.000 GMT+0900,1.72924,1.76323,1.72284,1.7295,440314.7004
22.06.2009 06:00:00.000 GMT+0900,1.73067,1.78335,1.72883,1.7396,1208224.2955
29.06.2009 06:00:00.000 GMT+0900,1.74119,1.7661,1.7315,1.7531,918438.2
06.07.2009 06:00:00.000 GMT+0900,1.7556,1.79725,1.74605,1.78885,1608948.8031
13.07.2009 06:00:00.000 GMT+0900,1.79031,1.8102,1.7523,1.7575,1505250.9975
20.07.2009 06:00:00.000 GMT+0900,1.7599,1.7608,1.7344,1.7381,1262001.9049
27.07.2009 06:00:00.000 GMT+0900,1.73617,1.7409,1.69845,1.70425,1415143.6027
03.08.2009 06:00:00.000 GMT+0900,1.70658,1.7202,1.69115,1.69375,1146061.3477
10.08.2009 06:00:00.000 GMT+0900,1.69938,1.72485,1.68505,1.70565,607151.0288
17.08.2009 06:00:00.000 GMT+0900,1.71145,1.72925,1.7044,1.7156,532234.5493
24.08.2009 06:00:00.000 GMT+0900,1.71296,1.7262,1.69655,1.70025,628798.2021
31.08.2009 06:00:00.000 GMT+0900,1.69968,1.7229,1.6779,1.6799,637135.4499
07.09.2009 06:00:00.000 GMT+0900,1.67894,1.7006,1.6716,1.68775,609781.4608
14.09.2009 06:00:00.000 GMT+0900,1.69263,1.70345,1.68035,1.6952,738915.5026
21.09.2009 06:00:00.000 GMT+0900,1.69593,1.70445,1.68525,1.6922,899431.8392
28.09.2009 06:00:00.000 GMT+0900,1.69258,1.70015,1.65105,1.6837,984025.0594
05.10.2009 06:00:00.000 GMT+0900,1.68467,1.68665,1.62565,1.62945,944253.5708
12.10.2009 06:00:00.000 GMT+0900,1.62752,1.63945,1.6135,1.62555,905726.7989
19.10.2009 06:00:00.000 GMT+0900,1.6277,1.6301,1.6079,1.6266,964420.7231
26.10.2009 06:00:00.000 GMT+0900,1.62836,1.64215,1.60945,1.63675,925094.6084
02.11.2009 07:00:00.000 GMT+0900,1.641,1.6504,1.61433,1.61509,906817.6624
09.11.2009 07:00:00.000 GMT+0900,1.6126,1.61775,1.59559,1.5967,724979.2188
16.11.2009 07:00:00.000 GMT+0900,1.59765,1.6355,1.59475,1.62435,639743.8614
23.11.2009 07:00:00.000 GMT+0900,1.62365,1.6627,1.6158,1.65345,633621.4213
30.11.2009 07:00:00.000 GMT+0900,1.64485,1.6499,1.61685,1.62423,695431.6999
07.12.2009 07:00:00.000 GMT+0900,1.62675,1.63045,1.60035,1.6015,749838.0554
14.12.2009 07:00:00.000 GMT+0900,1.6032,1.62445,1.5968,1.61097,684611.0999
21.12.2009 07:00:00.000 GMT+0900,1.6053,1.63342,1.6053,1.6276,485120.7018
28.12.2009 07:00:00.000 GMT+0900,1.62515,1.6269,1.5913,1.5964,382061.9005
04.01.2010 07:00:00.000 GMT+0900,1.59092,1.59585,1.55605,1.55785,653447.2028
11.01.2010 07:00:00.000 GMT+0900,1.55265,1.57945,1.5518,1.55845,690561.3603
18.01.2010 07:00:00.000 GMT+0900,1.5589,1.5707,1.5417,1.56945,718355.2031
25.01.2010 07:00:00.000 GMT+0900,1.56685,1.57475,1.54975,1.56825,868571.9971
01.02.2010 07:00:00.000 GMT+0900,1.5749,1.5952,1.559,1.57465,841498.4398
08.02.2010 07:00:00.000 GMT+0900,1.57415,1.5836,1.52715,1.5351,899640.3915
15.02.2010 07:00:00.000 GMT+0900,1.5336,1.5363,1.50585,1.5143,761727.3091
22.02.2010 07:00:00.000 GMT+0900,1.51245,1.53255,1.50425,1.52205,734243.1723
01.03.2010 07:00:00.000 GMT+0900,1.5198,1.52045,1.4945,1.5005,647030.7204
08.03.2010 07:00:00.000 GMT+0900,1.50075,1.50465,1.4807,1.50375,707568.6028
15.03.2010 06:00:00.000 GMT+0900,1.49997,1.5056,1.47175,1.4775,685684.231
22.03.2010 06:00:00.000 GMT+0900,1.47795,1.48715,1.46005,1.48265,708217.5913
29.03.2010 06:00:00.000 GMT+0900,1.48765,1.4911,1.458,1.46855,658205.2406
05.04.2010 06:00:00.000 GMT+0900,1.46621,1.46925,1.4348,1.44625,738522.1314
12.04.2010 06:00:00.000 GMT+0900,1.455,1.4719,1.44985,1.46035,859959.3301
19.04.2010 06:00:00.000 GMT+0900,1.46175,1.46885,1.42805,1.44215,941174.5813
26.04.2010 06:00:00.000 GMT+0900,1.4411,1.44825,1.422,1.43785,956748.5138
03.05.2010 06:00:00.000 GMT+0900,1.4459,1.44625,1.4056,1.4351,1086755.1672
10.05.2010 06:00:00.000 GMT+0900,1.43292,1.44365,1.39285,1.3955,1261394.0022
17.05.2010 06:00:00.000 GMT+0900,1.39405,1.5459,1.3937,1.50895,1226361.916
24.05.2010 06:00:00.000 GMT+0900,1.50615,1.5255,1.44355,1.4479,1272496.2893
31.05.2010 06:00:00.000 GMT+0900,1.45046,1.4735,1.4347,1.45285,1064901.8069
07.06.2010 06:00:00.000 GMT+0900,1.45383,1.4738,1.4208,1.424,1181602.1507
14.06.2010 06:00:00.000 GMT+0900,1.4212,1.43655,1.4152,1.4202,897734.7903
21.06.2010 06:00:00.000 GMT+0900,1.41133,1.432,1.39625,1.4147,844133.9611
28.06.2010 06:00:00.000 GMT+0900,1.4159,1.4944,1.4057,1.4925,878251.7721
05.07.2010 06:00:00.000 GMT+0900,1.49127,1.50145,1.4386,1.4397,728334.1819
12.07.2010 06:00:00.000 GMT+0900,1.43928,1.48985,1.43305,1.48765,738826.3597
19.07.2010 06:00:00.000 GMT+0900,1.48937,1.49715,1.43325,1.44135,606336.8019
26.07.2010 06:00:00.000 GMT+0900,1.43887,1.46,1.4339,1.44288,758307.973700001
02.08.2010 06:00:00.000 GMT+0900,1.44194,1.4544,1.4305,1.44575,748262.5032
09.08.2010 06:00:00.000 GMT+0900,1.44569,1.4485,1.42165,1.42795,888463.1409
16.08.2010 06:00:00.000 GMT+0900,1.42827,1.44135,1.41825,1.4215,780707.780900001
23.08.2010 06:00:00.000 GMT+0900,1.43363,1.4442,1.41415,1.41905,742373.4623
30.08.2010 06:00:00.000 GMT+0900,1.4141,1.43325,1.3997,1.40665,724131.5472
06.09.2010 06:00:00.000 GMT+0900,1.40742,1.40935,1.3678,1.3679,689658.6707
13.09.2010 06:00:00.000 GMT+0900,1.36695,1.4009,1.36575,1.3942,795265.91
20.09.2010 06:00:00.000 GMT+0900,1.39201,1.41,1.37735,1.40595,820555.7909
27.09.2010 06:00:00.000 GMT+0900,1.4013,1.419,1.39745,1.418,927476.3036
04.10.2010 06:00:00.000 GMT+0900,1.41828,1.43725,1.4096,1.4143,876264.7935
11.10.2010 06:00:00.000 GMT+0900,1.41361,1.4195,1.40465,1.41055,929998.7416
18.10.2010 06:00:00.000 GMT+0900,1.40885,1.4271,1.40475,1.41965,1056105.2596
25.10.2010 06:00:00.000 GMT+0900,1.41503,1.42704,1.40433,1.41685,630705.3029
01.11.2010 06:00:00.000 GMT+0900,1.4165,1.41969,1.37933,1.38014,471194.5988
08.11.2010 07:00:00.000 GMT+0900,1.38388,1.39023,1.36443,1.38975,493991.1997
15.11.2010 07:00:00.000 GMT+0900,1.38542,1.39342,1.37202,1.3854,332093.0991
22.11.2010 07:00:00.000 GMT+0900,1.38891,1.38984,1.35594,1.37207,323910.1001
29.11.2010 07:00:00.000 GMT+0900,1.37096,1.37602,1.34853,1.35001,841974.9029
06.12.2010 07:00:00.000 GMT+0900,1.35057,1.35519,1.33845,1.34168,958604.995399999
13.12.2010 07:00:00.000 GMT+0900,1.34047,1.35114,1.33158,1.3344,875805.8009
20.12.2010 07:00:00.000 GMT+0900,1.33309,1.33523,1.30115,1.30523,681290.4592
27.12.2010 07:00:00.000 GMT+0900,1.3102,1.31683,1.29261,1.30771,569764.842
03.01.2011 07:00:00.000 GMT+0900,1.30706,1.33256,1.29431,1.29567,915674.5247
10.01.2011 07:00:00.000 GMT+0900,1.29654,1.35498,1.29308,1.35355,818775.5306
17.01.2011 07:00:00.000 GMT+0900,1.35034,1.37702,1.33475,1.37564,829680.7706
24.01.2011 07:00:00.000 GMT+0900,1.38007,1.38775,1.36387,1.36886,676164.1699
31.01.2011 07:00:00.000 GMT+0900,1.37351,1.37885,1.33043,1.33897,871402.1989
07.02.2011 07:00:00.000 GMT+0900,1.33817,1.36098,1.33184,1.35155,867298.6915
14.02.2011 07:00:00.000 GMT+0900,1.35239,1.36022,1.34036,1.34919,876406.8239
21.02.2011 07:00:00.000 GMT+0900,1.35096,1.37852,1.34826,1.35114,917838.7859
28.02.2011 07:00:00.000 GMT+0900,1.35447,1.38501,1.35171,1.37897,900925.2538
07.03.2011 07:00:00.000 GMT+0900,1.37875,1.38357,1.36765,1.37104,875780.1693
14.03.2011 06:00:00.000 GMT+0900,1.37589,1.43417,1.3736,1.4236,1032398.9006
21.03.2011 06:00:00.000 GMT+0900,1.42489,1.42731,1.37082,1.37234,794326.6019
28.03.2011 06:00:00.000 GMT+0900,1.37032,1.38023,1.36053,1.36961,816934.5137
04.04.2011 06:00:00.000 GMT+0900,1.36795,1.37967,1.35909,1.37028,815501.3397
11.04.2011 06:00:00.000 GMT+0900,1.36901,1.38758,1.36436,1.36451,870386.2916
18.04.2011 06:00:00.000 GMT+0900,1.36382,1.36768,1.35234,1.35552,745360.9303
25.04.2011 06:00:00.000 GMT+0900,1.35432,1.36298,1.3486,1.34974,815549.22
02.05.2011 06:00:00.000 GMT+0900,1.35081,1.39281,1.33609,1.33774,1078297.0811
09.05.2011 06:00:00.000 GMT+0900,1.33947,1.34243,1.32276,1.33466,1161794.5608
16.05.2011 06:00:00.000 GMT+0900,1.33133,1.34576,1.32569,1.32794,1084795.4017
23.05.2011 06:00:00.000 GMT+0900,1.3261,1.34283,1.32562,1.33618,1134017.2344
30.05.2011 06:00:00.000 GMT+0900,1.33498,1.36743,1.33332,1.36502,953117.9402
06.06.2011 06:00:00.000 GMT+0900,1.36346,1.38391,1.35742,1.36112,998294.9598
13.06.2011 06:00:00.000 GMT+0900,1.35924,1.36253,1.33741,1.34726,1163659.8505
20.06.2011 06:00:00.000 GMT+0900,1.34654,1.36065,1.34386,1.3519,1205768.9877
27.06.2011 06:00:00.000 GMT+0900,1.35397,1.36877,1.34474,1.34813,1058110.0979
04.07.2011 06:00:00.000 GMT+0900,1.34768,1.35687,1.3224,1.32609,821687.0568
11.07.2011 06:00:00.000 GMT+0900,1.3251,1.33104,1.31047,1.32834,1158938.3911
18.07.2011 06:00:00.000 GMT+0900,1.32711,1.33187,1.31644,1.32276,1040201.5617
25.07.2011 06:00:00.000 GMT+0900,1.32768,1.33039,1.29278,1.3089,1042386.9418
01.08.2011 06:00:00.000 GMT+0900,1.3033,1.36743,1.29406,1.36696,1398600.8919
08.08.2011 06:00:00.000 GMT+0900,1.38229,1.42604,1.36675,1.37549,1869317.328
15.08.2011 06:00:00.000 GMT+0900,1.37567,1.3871,1.36474,1.38301,1230253.6291
22.08.2011 06:00:00.000 GMT+0900,1.38431,1.38598,1.36095,1.37035,1032493.4095
29.08.2011 06:00:00.000 GMT+0900,1.36886,1.37149,1.32615,1.33403,871686.8994
05.09.2011 06:00:00.000 GMT+0900,1.33487,1.34636,1.30288,1.30386,912239.4873
12.09.2011 06:00:00.000 GMT+0900,1.30203,1.34796,1.29854,1.33096,1084549.4976
19.09.2011 06:00:00.000 GMT+0900,1.32847,1.38839,1.32593,1.37897,1148484.2175
26.09.2011 06:00:00.000 GMT+0900,1.37769,1.39647,1.36456,1.38539,1169079.9187
03.10.2011 06:00:00.000 GMT+0900,1.38102,1.4087,1.36474,1.36875,1185490.8007
10.10.2011 06:00:00.000 GMT+0900,1.37247,1.37752,1.34133,1.34168,1033136.1686
17.10.2011 06:00:00.000 GMT+0900,1.34255,1.35422,1.33689,1.33883,1081287.0898
24.10.2011 06:00:00.000 GMT+0900,1.33927,1.34683,1.31806,1.32164,951502.7259
31.10.2011 06:00:00.000 GMT+0900,1.32089,1.33911,1.31105,1.32907,1224775.3169
07.11.2011 07:00:00.000 GMT+0900,1.32813,1.34646,1.32395,1.33663,1146901.001
14.11.2011 07:00:00.000 GMT+0900,1.33496,1.3532,1.32822,1.35098,1345920.7193
21.11.2011 07:00:00.000 GMT+0900,1.35166,1.38089,1.34997,1.36295,1285150.4404
28.11.2011 07:00:00.000 GMT+0900,1.35618,1.35896,1.30601,1.31093,1383654.0262
05.12.2011 07:00:00.000 GMT+0900,1.3091,1.32256,1.29616,1.30975,1255727.8875
12.12.2011 07:00:00.000 GMT+0900,1.31073,1.31649,1.29652,1.30665,1291393.4128
19.12.2011 07:00:00.000 GMT+0900,1.30549,1.31501,1.28358,1.28537,946131.5814
26.12.2011 07:00:00.000 GMT+0900,1.28439,1.28853,1.26306,1.2686,606327.3562
02.01.2012 07:00:00.000 GMT+0900,1.26527,1.27044,1.24198,1.24326,867157.0601
09.01.2012 07:00:00.000 GMT+0900,1.24402,1.25047,1.22628,1.228,1125808.2686
16.01.2012 07:00:00.000 GMT+0900,1.22752,1.24637,1.22273,1.23307,1196614.5417
23.01.2012 07:00:00.000 GMT+0900,1.22872,1.24783,1.22727,1.23978,1040771.0385
30.01.2012 07:00:00.000 GMT+0900,1.2428,1.24767,1.21673,1.22118,1110486.5801
06.02.2012 07:00:00.000 GMT+0900,1.21873,1.2419,1.21323,1.2363,1226923.1494
13.02.2012 07:00:00.000 GMT+0900,1.23518,1.23757,1.21483,1.22733,1446936.8535
20.02.2012 07:00:00.000 GMT+0900,1.22355,1.25916,1.22277,1.25718,1188313.9111
27.02.2012 07:00:00.000 GMT+0900,1.25731,1.26175,1.22608,1.22955,1244464.9895
05.03.2012 07:00:00.000 GMT+0900,1.22802,1.25195,1.2275,1.24069,1198829.2619
12.03.2012 06:00:00.000 GMT+0900,1.24098,1.25459,1.23865,1.24357,1137563.4473
19.03.2012 06:00:00.000 GMT+0900,1.24365,1.27566,1.2404,1.26744,1163816.9802
26.03.2012 06:00:00.000 GMT+0900,1.2681,1.29014,1.26227,1.28987,1196896.8315
02.04.2012 06:00:00.000 GMT+0900,1.27825,1.28775,1.26483,1.27043,996426.7521
09.04.2012 06:00:00.000 GMT+0900,1.27202,1.2783,1.25902,1.26044,945996.5775
16.04.2012 06:00:00.000 GMT+0900,1.25931,1.27655,1.2571,1.27311,987844.126700001
23.04.2012 06:00:00.000 GMT+0900,1.27114,1.28356,1.26464,1.26546,894707.123
30.04.2012 06:00:00.000 GMT+0900,1.26524,1.29199,1.2645,1.28435,754071.3396
07.05.2012 06:00:00.000 GMT+0900,1.28112,1.29034,1.27726,1.28885,1015419.2566
14.05.2012 06:00:00.000 GMT+0900,1.28794,1.30289,1.27718,1.29758,1103001.2524
21.05.2012 06:00:00.000 GMT+0900,1.29716,1.30078,1.27944,1.28235,1132155.5854
28.05.2012 06:00:00.000 GMT+0900,1.28071,1.28436,1.26666,1.28221,1113552.5581
04.06.2012 06:00:00.000 GMT+0900,1.27989,1.28715,1.25854,1.26177,1147929.2403
11.06.2012 06:00:00.000 GMT+0900,1.26533,1.2681,1.25263,1.25367,1124701.472
18.06.2012 06:00:00.000 GMT+0900,1.25476,1.25947,1.23945,1.2484,1108264.2592
25.06.2012 06:00:00.000 GMT+0900,1.24858,1.25164,1.23266,1.23624,1043992.1949
02.07.2012 06:00:00.000 GMT+0900,1.23484,1.23625,1.20087,1.20289,935388.169
09.07.2012 06:00:00.000 GMT+0900,1.2023,1.20968,1.19345,1.19753,953033.1396
16.07.2012 06:00:00.000 GMT+0900,1.19688,1.1994,1.17039,1.17127,920040.7365
23.07.2012 06:00:00.000 GMT+0900,1.16951,1.18561,1.16941,1.17465,1168205.3824
30.07.2012 06:00:00.000 GMT+0900,1.17375,1.17659,1.16046,1.17177,1035184.0846
06.08.2012 06:00:00.000 GMT+0900,1.17238,1.17748,1.1611,1.16153,893855.9257
13.08.2012 06:00:00.000 GMT+0900,1.16391,1.18497,1.16235,1.18314,782140.9232
20.08.2012 06:00:00.000 GMT+0900,1.18351,1.20703,1.17755,1.20213,911207.8615
27.08.2012 06:00:00.000 GMT+0900,1.20004,1.22306,1.19954,1.21693,791701.6601
03.09.2012 06:00:00.000 GMT+0900,1.22173,1.2391,1.22118,1.23399,882979.0557
10.09.2012 06:00:00.000 GMT+0900,1.2347,1.24507,1.2255,1.24397,981580.0026
17.09.2012 06:00:00.000 GMT+0900,1.24276,1.25524,1.23548,1.24115,927258.6616
24.09.2012 06:00:00.000 GMT+0900,1.24199,1.24596,1.23283,1.23813,840895.2517
01.10.2012 06:00:00.000 GMT+0900,1.23911,1.28233,1.23653,1.27895,884268.4145
08.10.2012 06:00:00.000 GMT+0900,1.28218,1.28234,1.25068,1.26603,875805.2911
15.10.2012 06:00:00.000 GMT+0900,1.26289,1.27308,1.25813,1.25995,870841.8558
22.10.2012 06:00:00.000 GMT+0900,1.26155,1.26715,1.24575,1.24693,851551.7798
29.10.2012 06:00:00.000 GMT+0900,1.24789,1.25336,1.23588,1.24093,685871.7108
05.11.2012 07:00:00.000 GMT+0900,1.23943,1.24078,1.21951,1.2235,789938.7123
12.11.2012 07:00:00.000 GMT+0900,1.22221,1.23979,1.21586,1.23196,693079.8605
19.11.2012 07:00:00.000 GMT+0900,1.23133,1.24265,1.22578,1.23949,653935.2185
26.11.2012 07:00:00.000 GMT+0900,1.2398,1.24923,1.2335,1.24511,700311.5632
03.12.2012 07:00:00.000 GMT+0900,1.24506,1.25443,1.23009,1.23202,717304.2393
10.12.2012 07:00:00.000 GMT+0900,1.22875,1.24634,1.2286,1.2454,609807.7893
17.12.2012 07:00:00.000 GMT+0900,1.2479,1.26993,1.24664,1.26762,622111.519
24.12.2012 07:00:00.000 GMT+0900,1.26674,1.28058,1.26585,1.27381,423367.7906
31.12.2012 07:00:00.000 GMT+0900,1.27393,1.27537,1.24425,1.24679,587275.0684
07.01.2013 07:00:00.000 GMT+0900,1.24734,1.26748,1.23567,1.2662,733914.7304
14.01.2013 07:00:00.000 GMT+0900,1.26609,1.27382,1.25595,1.26702,848285.4806
21.01.2013 07:00:00.000 GMT+0900,1.26659,1.29405,1.25683,1.29134,811265.762
28.01.2013 07:00:00.000 GMT+0900,1.29254,1.31899,1.28371,1.31039,856530.2293
04.02.2013 07:00:00.000 GMT+0900,1.30904,1.3158,1.29014,1.29474,909632.1991
11.02.2013 07:00:00.000 GMT+0900,1.29594,1.31449,1.28474,1.29626,821874.06
18.02.2013 07:00:00.000 GMT+0900,1.29712,1.30175,1.27431,1.27782,821483.0896
25.02.2013 07:00:00.000 GMT+0900,1.28241,1.29138,1.2676,1.27587,1095965.8809
04.03.2013 07:00:00.000 GMT+0900,1.27532,1.28651,1.26512,1.27009,791307.3013
11.03.2013 06:00:00.000 GMT+0900,1.2723,1.27332,1.24695,1.25598,812157.3719
18.03.2013 06:00:00.000 GMT+0900,1.24623,1.25076,1.23413,1.24323,941271.5903
25.03.2013 06:00:00.000 GMT+0900,1.23938,1.24942,1.22208,1.22953,736849.1816
01.04.2013 06:00:00.000 GMT+0900,1.22854,1.25636,1.22188,1.25078,710955.0798
08.04.2013 06:00:00.000 GMT+0900,1.2506,1.25536,1.2365,1.24737,795104.6633
15.04.2013 06:00:00.000 GMT+0900,1.24793,1.27388,1.24495,1.26976,1061358.8735
22.04.2013 06:00:00.000 GMT+0900,1.272,1.27752,1.25992,1.26742,854744.6503
29.04.2013 06:00:00.000 GMT+0900,1.26907,1.28879,1.26113,1.27087,809939.2109
06.05.2013 06:00:00.000 GMT+0900,1.27262,1.30175,1.27122,1.29549,832774.3312
13.05.2013 06:00:00.000 GMT+0900,1.29617,1.32242,1.29527,1.31908,1000061.8084
20.05.2013 06:00:00.000 GMT+0900,1.31594,1.34326,1.3104,1.33863,1102654.1697
27.05.2013 06:00:00.000 GMT+0900,1.34051,1.35909,1.33276,1.35708,1026575.4883
03.06.2013 06:00:00.000 GMT+0900,1.35081,1.40173,1.33693,1.39103,1137483.5853
10.06.2013 06:00:00.000 GMT+0900,1.40271,1.42364,1.3811,1.39379,1204130.9314
17.06.2013 06:00:00.000 GMT+0900,1.39477,1.4415,1.38244,1.42291,1215082.0756
24.06.2013 06:00:00.000 GMT+0900,1.42116,1.43146,1.39366,1.42338,1268764.082
01.07.2013 06:00:00.000 GMT+0900,1.42677,1.43951,1.4027,1.41482,1116761.4077
08.07.2013 06:00:00.000 GMT+0900,1.41491,1.4477,1.38628,1.44319,1187178.1337
15.07.2013 06:00:00.000 GMT+0900,1.44083,1.4417,1.41656,1.4322,1042676.4547
22.07.2013 06:00:00.000 GMT+0900,1.43072,1.44554,1.41853,1.43329,1125851.3931
29.07.2013 06:00:00.000 GMT+0900,1.43496,1.49389,1.43104,1.49097,1012276.7504
05.08.2013 06:00:00.000 GMT+0900,1.48851,1.49932,1.44779,1.45004,962870.2382
12.08.2013 06:00:00.000 GMT+0900,1.44892,1.4628,1.44493,1.45074,849744.3989
19.08.2013 06:00:00.000 GMT+0900,1.45102,1.49284,1.44427,1.48139,916075.0085
26.08.2013 06:00:00.000 GMT+0900,1.48073,1.50302,1.47601,1.48545,791600.2207
02.09.2013 06:00:00.000 GMT+0900,1.4769,1.48028,1.42599,1.4345,753861.9021
09.09.2013 06:00:00.000 GMT+0900,1.43018,1.44011,1.42347,1.43736,743940.1778
16.09.2013 06:00:00.000 GMT+0900,1.43132,1.43971,1.41926,1.43891,766136.7314
23.09.2013 06:00:00.000 GMT+0900,1.44555,1.45595,1.42727,1.45065,667151.929
30.09.2013 06:00:00.000 GMT+0900,1.44826,1.45515,1.4335,1.43738,750873.3136
07.10.2013 06:00:00.000 GMT+0900,1.43759,1.44658,1.42699,1.42986,656512.3107
14.10.2013 06:00:00.000 GMT+0900,1.43839,1.43841,1.41339,1.41375,665971.8143
21.10.2013 06:00:00.000 GMT+0900,1.41457,1.44194,1.4123,1.43943,701619.519
28.10.2013 06:00:00.000 GMT+0900,1.44026,1.45301,1.42512,1.42827,726099.8805
04.11.2013 07:00:00.000 GMT+0900,1.42561,1.4285,1.40504,1.42419,681747.7471
11.11.2013 07:00:00.000 GMT+0900,1.42267,1.44842,1.42267,1.43977,634832.411200001
18.11.2013 07:00:00.000 GMT+0900,1.43897,1.48063,1.43179,1.47759,771379.6206
25.11.2013 07:00:00.000 GMT+0900,1.47832,1.50309,1.47076,1.49169,630636.1975
02.12.2013 07:00:00.000 GMT+0900,1.48801,1.51614,1.47997,1.50521,843154.6198
09.12.2013 07:00:00.000 GMT+0900,1.50318,1.54315,1.50159,1.53226,735228.2983
16.12.2013 07:00:00.000 GMT+0900,1.53192,1.55761,1.53055,1.53191,626758.4406
23.12.2013 07:00:00.000 GMT+0900,1.53248,1.55964,1.5287,1.54982,375750.2992
30.12.2013 07:00:00.000 GMT+0900,1.55209,1.55566,1.5116,1.51829,505255.5097
06.01.2014 07:00:00.000 GMT+0900,1.51726,1.53551,1.51273,1.51917,671849.6625
13.01.2014 07:00:00.000 GMT+0900,1.51999,1.55073,1.50299,1.54143,629479.8175
20.01.2014 07:00:00.000 GMT+0900,1.54281,1.58311,1.52363,1.57431,644069.5491
27.01.2014 07:00:00.000 GMT+0900,1.57301,1.57718,1.53608,1.53975,696623.0096
03.02.2014 07:00:00.000 GMT+0900,1.53792,1.54824,1.50233,1.5213,715030.014
10.02.2014 07:00:00.000 GMT+0900,1.52013,1.53185,1.49854,1.51524,575763.0299
17.02.2014 07:00:00.000 GMT+0900,1.51254,1.53866,1.50851,1.52952,547264.8594
24.02.2014 07:00:00.000 GMT+0900,1.5289,1.54924,1.51815,1.54504,578590.361
03.03.2014 07:00:00.000 GMT+0900,1.54653,1.54985,1.51481,1.52898,575903.6098
10.03.2014 06:00:00.000 GMT+0900,1.53482,1.55369,1.53103,1.53943,566579.3901
17.03.2014 06:00:00.000 GMT+0900,1.54379,1.54481,1.51579,1.51778,490745.1003
24.03.2014 06:00:00.000 GMT+0900,1.51528,1.524,1.47792,1.48674,513211.8528
31.03.2014 06:00:00.000 GMT+0900,1.48869,1.49647,1.46952,1.47421,425292.1281
07.04.2014 06:00:00.000 GMT+0900,1.47448,1.48513,1.46533,1.47711,486864.74
14.04.2014 06:00:00.000 GMT+0900,1.47417,1.48373,1.46607,1.47907,388743.8397
21.04.2014 06:00:00.000 GMT+0900,1.47882,1.49444,1.47177,1.49105,402175.0605
28.04.2014 06:00:00.000 GMT+0900,1.49205,1.5022,1.4828,1.49505,498908.8314
05.05.2014 06:00:00.000 GMT+0900,1.49479,1.49954,1.46891,1.46902,489347.451
12.05.2014 06:00:00.000 GMT+0900,1.4683,1.47497,1.45641,1.46191,438310.8211
19.05.2014 06:00:00.000 GMT+0900,1.46068,1.48736,1.46059,1.47606,451067.1903
26.05.2014 06:00:00.000 GMT+0900,1.47432,1.47763,1.45819,1.46376,408114.7488
02.06.2014 06:00:00.000 GMT+0900,1.46433,1.47514,1.45119,1.46126,524566.9012
09.06.2014 06:00:00.000 GMT+0900,1.46065,1.46196,1.43589,1.43952,467926.0228
16.06.2014 06:00:00.000 GMT+0900,1.44105,1.45361,1.43855,1.44788,412329.1497
23.06.2014 06:00:00.000 GMT+0900,1.44878,1.45514,1.43813,1.44674,407061.7474
30.06.2014 06:00:00.000 GMT+0900,1.44768,1.46013,1.43989,1.45133,411702.9802
07.07.2014 06:00:00.000 GMT+0900,1.45137,1.45596,1.44306,1.44829,397304.4414
14.07.2014 06:00:00.000 GMT+0900,1.45002,1.45456,1.43737,1.43915,397365.0788
21.07.2014 06:00:00.000 GMT+0900,1.44003,1.44458,1.4206,1.42893,372881.9098
28.07.2014 06:00:00.000 GMT+0900,1.42934,1.44458,1.42712,1.44109,415700.9101
04.08.2014 06:00:00.000 GMT+0900,1.4422,1.44776,1.42722,1.44502,403551.5217
11.08.2014 06:00:00.000 GMT+0900,1.44539,1.44628,1.43197,1.43671,394930.6695
18.08.2014 06:00:00.000 GMT+0900,1.43737,1.43868,1.4198,1.42075,456614.047
25.08.2014 06:00:00.000 GMT+0900,1.41703,1.42206,1.40491,1.40584,493353.8498
01.09.2014 06:00:00.000 GMT+0900,1.40765,1.41723,1.38005,1.38044,501470.4413
08.09.2014 06:00:00.000 GMT+0900,1.38275,1.4346,1.38021,1.43391,655734.7871
15.09.2014 06:00:00.000 GMT+0900,1.43946,1.44388,1.42379,1.43638,647645.2114
22.09.2014 06:00:00.000 GMT+0900,1.43658,1.45623,1.43534,1.44613,702374.41
29.09.2014 06:00:00.000 GMT+0900,1.44848,1.45872,1.43451,1.4423,752944.7409
06.10.2014 06:00:00.000 GMT+0900,1.44138,1.45465,1.43136,1.45309,763142.3379
13.10.2014 06:00:00.000 GMT+0900,1.45281,1.47053,1.4442,1.45912,829732.7898
20.10.2014 06:00:00.000 GMT+0900,1.45513,1.46005,1.43626,1.44117,634853.0477
27.10.2014 06:00:00.000 GMT+0900,1.43963,1.44489,1.42221,1.4229,625422.1103
03.11.2014 07:00:00.000 GMT+0900,1.4284,1.45923,1.42704,1.44132,808447.709
10.11.2014 07:00:00.000 GMT+0900,1.44164,1.444,1.42262,1.43103,670909.8251
17.11.2014 07:00:00.000 GMT+0900,1.4271,1.46318,1.42456,1.42846,690033.5507
24.11.2014 07:00:00.000 GMT+0900,1.42438,1.47022,1.42364,1.46259,593750.4196
01.12.2014 07:00:00.000 GMT+0900,1.47135,1.48311,1.45905,1.47643,698214.9219
08.12.2014 07:00:00.000 GMT+0900,1.47894,1.51452,1.47497,1.51119,756361.0775
15.12.2014 07:00:00.000 GMT+0900,1.51269,1.53319,1.4978,1.50086,706017.5623
22.12.2014 07:00:00.000 GMT+0900,1.50033,1.5122,1.49702,1.49891,303327.4697
29.12.2014 07:00:00.000 GMT+0900,1.49866,1.50167,1.47653,1.48321,342115.2101
05.01.2015 07:00:00.000 GMT+0900,1.47986,1.48614,1.43978,1.44288,707398.6408
12.01.2015 07:00:00.000 GMT+0900,1.44248,1.46115,1.4005,1.40529,864691.203300001
19.01.2015 07:00:00.000 GMT+0900,1.40479,1.44074,1.39655,1.41555,806613.428899999
26.01.2015 07:00:00.000 GMT+0900,1.41391,1.46691,1.41079,1.45189,904472.5887
02.02.2015 07:00:00.000 GMT+0900,1.45808,1.48941,1.44756,1.45046,862222.0491
09.02.2015 07:00:00.000 GMT+0900,1.45516,1.48051,1.44228,1.46468,665237.6615
16.02.2015 07:00:00.000 GMT+0900,1.46552,1.47284,1.43854,1.45013,627184.0734
23.02.2015 07:00:00.000 GMT+0900,1.45152,1.4614,1.4314,1.43259,732286.1
02.03.2015 07:00:00.000 GMT+0900,1.43183,1.44428,1.39448,1.40477,652802.1102
09.03.2015 06:00:00.000 GMT+0900,1.40468,1.41404,1.37283,1.37403,923062.6311
16.03.2015 06:00:00.000 GMT+0900,1.37374,1.4065,1.37343,1.39106,863316.936
23.03.2015 06:00:00.000 GMT+0900,1.39271,1.4101,1.38196,1.40484,954927.6752
30.03.2015 06:00:00.000 GMT+0900,1.4072,1.4392,1.40369,1.436,805340.9522
06.04.2015 06:00:00.000 GMT+0900,1.43835,1.44445,1.37847,1.38038,732295.8909
13.04.2015 06:00:00.000 GMT+0900,1.38007,1.40198,1.37046,1.38768,806437.8398
20.04.2015 06:00:00.000 GMT+0900,1.38173,1.39767,1.37782,1.3892,782413.2939
27.04.2015 06:00:00.000 GMT+0900,1.38816,1.43544,1.36779,1.4263,843110.1119
04.05.2015 06:00:00.000 GMT+0900,1.42839,1.43511,1.40226,1.41213,780562.1897
11.05.2015 06:00:00.000 GMT+0900,1.41163,1.42564,1.39116,1.42415,820892.1311
18.05.2015 06:00:00.000 GMT+0900,1.42348,1.42769,1.3993,1.4054,761500.1001
25.05.2015 06:00:00.000 GMT+0900,1.40578,1.43785,1.39495,1.43658,672753.9608
01.06.2015 06:00:00.000 GMT+0900,1.43716,1.47123,1.42043,1.45637,894726.9873
08.06.2015 06:00:00.000 GMT+0900,1.45526,1.47687,1.44891,1.4567,845990.0701
15.06.2015 06:00:00.000 GMT+0900,1.4457,1.47363,1.44256,1.46031,775423.0689
22.06.2015 06:00:00.000 GMT+0900,1.46454,1.47323,1.44039,1.45749,726828.1108
29.06.2015 06:00:00.000 GMT+0900,1.4429,1.47923,1.43167,1.47774,806948.2018
06.07.2015 06:00:00.000 GMT+0900,1.4693,1.50703,1.46654,1.49734,839867.6388
13.07.2015 06:00:00.000 GMT+0900,1.49524,1.50166,1.46459,1.46844,879327.000600001
20.07.2015 06:00:00.000 GMT+0900,1.46676,1.51034,1.46573,1.50724,797514.6047
27.07.2015 06:00:00.000 GMT+0900,1.51012,1.52761,1.49615,1.50411,809480.6803
03.08.2015 06:00:00.000 GMT+0900,1.49811,1.50921,1.47278,1.47738,806439.2831
10.08.2015 06:00:00.000 GMT+0900,1.47817,1.53003,1.47771,1.50527,787976.2384
17.08.2015 06:00:00.000 GMT+0900,1.50649,1.55772,1.4992,1.5562,725131.7406
24.08.2015 06:00:00.000 GMT+0900,1.5586,1.6597,1.55608,1.55907,1111691.7159
31.08.2015 06:00:00.000 GMT+0900,1.56193,1.61518,1.55959,1.61299,873261.6732
07.09.2015 06:00:00.000 GMT+0900,1.61077,1.61753,1.57764,1.59856,883927.1787
14.09.2015 06:00:00.000 GMT+0900,1.59971,1.6066,1.56618,1.57,870974.0965
21.09.2015 06:00:00.000 GMT+0900,1.57015,1.61895,1.56011,1.59251,800844.5863
28.09.2015 06:00:00.000 GMT+0900,1.59069,1.62498,1.57406,1.58997,826157.2713
05.10.2015 06:00:00.000 GMT+0900,1.58971,1.59334,1.54532,1.5478,830730.3135
12.10.2015 06:00:00.000 GMT+0900,1.55219,1.58218,1.53974,1.56022,827563.0499
19.10.2015 06:00:00.000 GMT+0900,1.56425,1.57917,1.51892,1.52601,736366.6077
26.10.2015 06:00:00.000 GMT+0900,1.52386,1.5576,1.51659,1.5411,792580.1127
02.11.2015 07:00:00.000 GMT+0900,1.55053,1.55053,1.51054,1.5239,727944.3876
09.11.2015 07:00:00.000 GMT+0900,1.52617,1.52875,1.49852,1.51064,756720.1213
16.11.2015 07:00:00.000 GMT+0900,1.50756,1.51373,1.47012,1.47073,812215.8531
23.11.2015 07:00:00.000 GMT+0900,1.47088,1.48312,1.45868,1.4717,746473.6197
30.11.2015 07:00:00.000 GMT+0900,1.4719,1.49659,1.43494,1.48172,997584.4249
07.12.2015 07:00:00.000 GMT+0900,1.4806,1.53421,1.47905,1.52925,919393.8327
14.12.2015 07:00:00.000 GMT+0900,1.52445,1.53347,1.50316,1.51355,961300.3228
21.12.2015 07:00:00.000 GMT+0900,1.51309,1.5254,1.50284,1.50435,483133.1401
28.12.2015 07:00:00.000 GMT+0900,1.50453,1.51405,1.48628,1.48884,425164.0713
04.01.2016 07:00:00.000 GMT+0900,1.49136,1.5721,1.48699,1.57075,1013166.2813
11.01.2016 07:00:00.000 GMT+0900,1.56588,1.6076,1.53406,1.58972,1186575.3571
18.01.2016 07:00:00.000 GMT+0900,1.59561,1.60526,1.53397,1.54139,1225887.4688
25.01.2016 07:00:00.000 GMT+0900,1.53984,1.5705,1.52494,1.52842,1128032.6214
01.02.2016 07:00:00.000 GMT+0900,1.52849,1.57902,1.52836,1.57836,1167434.4863
08.02.2016 07:00:00.000 GMT+0900,1.57537,1.62517,1.56478,1.58305,1334016.9738
15.02.2016 07:00:00.000 GMT+0900,1.58101,1.5833,1.54719,1.55655,1044786.7697
22.02.2016 07:00:00.000 GMT+0900,1.55247,1.5583,1.51589,1.53333,999799.6081
29.02.2016 07:00:00.000 GMT+0900,1.53176,1.53828,1.47382,1.47896,1107925.7568
07.03.2016 07:00:00.000 GMT+0900,1.48376,1.50858,1.44664,1.47265,1147994.3735
14.03.2016 06:00:00.000 GMT+0900,1.47555,1.49402,1.46984,1.48166,1191375.275
21.03.2016 06:00:00.000 GMT+0900,1.48165,1.49255,1.46623,1.48601,853266.2898
28.03.2016 06:00:00.000 GMT+0900,1.48463,1.4974,1.47143,1.48273,965583.0452
04.04.2016 06:00:00.000 GMT+0900,1.48593,1.52019,1.48334,1.50845,957288.6005
11.04.2016 06:00:00.000 GMT+0900,1.51194,1.51591,1.45613,1.45963,918310.3573
18.04.2016 06:00:00.000 GMT+0900,1.47637,1.48031,1.44343,1.45526,960301.7262
25.04.2016 06:00:00.000 GMT+0900,1.45704,1.50782,1.45491,1.50475,1015947.269
02.05.2016 06:00:00.000 GMT+0900,1.50786,1.55667,1.49351,1.54721,935944.6216
09.05.2016 06:00:00.000 GMT+0900,1.5483,1.56033,1.53948,1.55475,798377.9514
16.05.2016 06:00:00.000 GMT+0900,1.55964,1.55965,1.53669,1.55332,783778.0094
23.05.2016 06:00:00.000 GMT+0900,1.55088,1.56456,1.5448,1.54563,725871.0756
30.05.2016 06:00:00.000 GMT+0900,1.54811,1.55414,1.52379,1.54233,747215.7158
06.06.2016 06:00:00.000 GMT+0900,1.54028,1.55134,1.51906,1.52527,722599.0928
13.06.2016 06:00:00.000 GMT+0900,1.52476,1.53653,1.51369,1.52428,769757.8189
20.06.2016 06:00:00.000 GMT+0900,1.52361,1.52985,1.4801,1.48462,996943.5796
27.06.2016 06:00:00.000 GMT+0900,1.48419,1.50473,1.48224,1.4846,978007.561999999
04.07.2016 06:00:00.000 GMT+0900,1.49263,1.49395,1.45883,1.45902,829963.8218
11.07.2016 06:00:00.000 GMT+0900,1.45947,1.46955,1.44793,1.45604,873897.8935
18.07.2016 06:00:00.000 GMT+0900,1.45459,1.47899,1.45214,1.46987,1645438.41
25.07.2016 06:00:00.000 GMT+0900,1.46985,1.48128,1.45251,1.46927,2484545.699
01.08.2016 06:00:00.000 GMT+0900,1.47063,1.4908,1.44945,1.45509,2017806.6044
08.08.2016 06:00:00.000 GMT+0900,1.45437,1.46043,1.44204,1.45818,1521497.605
15.08.2016 06:00:00.000 GMT+0900,1.45779,1.48887,1.45418,1.48399,1664823.086
22.08.2016 06:00:00.000 GMT+0900,1.48691,1.4879,1.46954,1.4801,1875784.9457
29.08.2016 06:00:00.000 GMT+0900,1.47938,1.48713,1.4723,1.47246,1990020.234
05.09.2016 06:00:00.000 GMT+0900,1.47372,1.49005,1.4579,1.48918,2098998.2042
12.09.2016 06:00:00.000 GMT+0900,1.48942,1.50957,1.48436,1.48855,2224132.5402
19.09.2016 06:00:00.000 GMT+0900,1.49018,1.49121,1.46316,1.47233,1962142.0155
26.09.2016 06:00:00.000 GMT+0900,1.4735,1.47808,1.45573,1.46738,2192891.58
03.10.2016 06:00:00.000 GMT+0900,1.46653,1.47788,1.45351,1.47567,2081315.3641
10.10.2016 06:00:00.000 GMT+0900,1.46868,1.47525,1.43928,1.43928,1868148.4627
17.10.2016 06:00:00.000 GMT+0900,1.43872,1.44755,1.41835,1.42992,1523994.2388
24.10.2016 06:00:00.000 GMT+0900,1.42954,1.44849,1.41273,1.44496,814387.7001
31.10.2016 06:00:00.000 GMT+0900,1.44732,1.45579,1.42987,1.45154,935486.0197
07.11.2016 07:00:00.000 GMT+0900,1.43968,1.48815,1.40739,1.4382,1321192.5421
14.11.2016 07:00:00.000 GMT+0900,1.43496,1.44468,1.41792,1.4428,1256668.0667
21.11.2016 07:00:00.000 GMT+0900,1.44473,1.44888,1.41798,1.42363,1087167.5175
28.11.2016 07:00:00.000 GMT+0900,1.42494,1.44364,1.41359,1.42967,1044003.413
05.12.2016 07:00:00.000 GMT+0900,1.42492,1.45125,1.41182,1.41735,987098.4138
12.12.2016 07:00:00.000 GMT+0900,1.41381,1.43422,1.40911,1.43025,1053116.518
19.12.2016 07:00:00.000 GMT+0900,1.43328,1.45972,1.42905,1.4565,823662.7402
26.12.2016 07:00:00.000 GMT+0900,1.45622,1.47201,1.44398,1.45964,689972.3404
02.01.2017 07:00:00.000 GMT+0900,1.45513,1.46389,1.4324,1.44282,927262.9703
09.01.2017 07:00:00.000 GMT+0900,1.44288,1.44489,1.41403,1.41847,1073682.9809
16.01.2017 07:00:00.000 GMT+0900,1.41715,1.42128,1.40273,1.4154,1099102.9987
23.01.2017 07:00:00.000 GMT+0900,1.41618,1.42759,1.41214,1.41649,1041330.8238
30.01.2017 07:00:00.000 GMT+0900,1.41737,1.42913,1.39976,1.40255,1003689.3381
06.02.2017 07:00:00.000 GMT+0900,1.40507,1.40759,1.38399,1.38547,970076.959
13.02.2017 07:00:00.000 GMT+0900,1.38361,1.39018,1.3725,1.38449,912479.6923
20.02.2017 07:00:00.000 GMT+0900,1.38258,1.3863,1.36265,1.37636,836101.978
27.02.2017 07:00:00.000 GMT+0900,1.37469,1.39871,1.3713,1.39803,933474.2778
06.03.2017 07:00:00.000 GMT+0900,1.398,1.41801,1.38752,1.41494,905435.7198
13.03.2017 06:00:00.000 GMT+0900,1.41352,1.41842,1.38805,1.3934,897241.2193
20.03.2017 06:00:00.000 GMT+0900,1.39497,1.42085,1.38733,1.41575,890105.9622
27.03.2017 06:00:00.000 GMT+0900,1.419,1.43106,1.39398,1.39617,816923.3313
03.04.2017 06:00:00.000 GMT+0900,1.39558,1.41799,1.39538,1.41122,806126.8206
10.04.2017 06:00:00.000 GMT+0900,1.41259,1.42171,1.3991,1.39992,718582.5229
17.04.2017 06:00:00.000 GMT+0900,1.39991,1.43356,1.39823,1.42124,711858.7216
24.04.2017 06:00:00.000 GMT+0900,1.43821,1.46512,1.43166,1.45427,835159.0858
01.05.2017 06:00:00.000 GMT+0900,1.45964,1.4911,1.44435,1.48125,748644.9293
08.05.2017 06:00:00.000 GMT+0900,1.48625,1.4879,1.4671,1.47918,823725.514
15.05.2017 06:00:00.000 GMT+0900,1.4784,1.5075,1.47151,1.50265,909737.4711
22.05.2017 06:00:00.000 GMT+0900,1.50161,1.51106,1.49345,1.50121,857299.5917
29.05.2017 06:00:00.000 GMT+0900,1.5002,1.52269,1.49287,1.51513,741087.0714
05.06.2017 06:00:00.000 GMT+0900,1.51782,1.51862,1.48215,1.48605,798176.7505
12.06.2017 06:00:00.000 GMT+0900,1.48751,1.49092,1.46601,1.46868,786507.7086
19.06.2017 06:00:00.000 GMT+0900,1.47032,1.48146,1.46269,1.47829,707145.0216
26.06.2017 06:00:00.000 GMT+0900,1.48014,1.49984,1.46816,1.48513,831584.6722
03.07.2017 06:00:00.000 GMT+0900,1.48534,1.50743,1.4799,1.49839,760711.0824
10.07.2017 06:00:00.000 GMT+0900,1.49895,1.50368,1.46263,1.4645,774122.7494
17.07.2017 06:00:00.000 GMT+0900,1.46531,1.47768,1.4422,1.47331,896667.8791
24.07.2017 06:00:00.000 GMT+0900,1.47507,1.47653,1.45653,1.47059,928106.9081
31.07.2017 06:00:00.000 GMT+0900,1.47071,1.49654,1.46849,1.48433,879144.8905
07.08.2017 06:00:00.000 GMT+0900,1.48615,1.50107,1.48246,1.49673,882862.9615
14.08.2017 06:00:00.000 GMT+0900,1.49726,1.50196,1.4733,1.48259,1058847.2931
21.08.2017 06:00:00.000 GMT+0900,1.48267,1.50346,1.48076,1.50227,981234.4585
28.08.2017 06:00:00.000 GMT+0900,1.50666,1.51739,1.48699,1.48757,1134606.529
04.09.2017 06:00:00.000 GMT+0900,1.49475,1.49966,1.48349,1.49388,1160195.6448
11.09.2017 06:00:00.000 GMT+0900,1.4911,1.49668,1.48124,1.49207,1050297.3012
18.09.2017 06:00:00.000 GMT+0900,1.48946,1.5108,1.47918,1.50032,1232325.9501
25.09.2017 06:00:00.000 GMT+0900,1.4962,1.51007,1.48956,1.50794,1013818.6504
02.10.2017 06:00:00.000 GMT+0900,1.5047,1.51294,1.49439,1.5095,915430.5688
09.10.2017 06:00:00.000 GMT+0900,1.50924,1.52412,1.49744,1.49784,871176.3401
16.10.2017 06:00:00.000 GMT+0900,1.49741,1.5088,1.49504,1.50707,878912.9683
23.10.2017 06:00:00.000 GMT+0900,1.50405,1.53924,1.50154,1.51168,935528.7133
30.10.2017 06:00:00.000 GMT+0900,1.51178,1.5234,1.50862,1.51699,850568.3827
06.11.2017 07:00:00.000 GMT+0900,1.51827,1.52343,1.50806,1.52183,763711.9415
13.11.2017 07:00:00.000 GMT+0900,1.52298,1.56565,1.5197,1.55777,700341.089
20.11.2017 07:00:00.000 GMT+0900,1.55753,1.56737,1.5459,1.56572,668366.6313
27.11.2017 07:00:00.000 GMT+0900,1.56529,1.57703,1.55682,1.56235,815435.1495
04.12.2017 07:00:00.000 GMT+0900,1.56144,1.5696,1.54876,1.56736,778691.6816
11.12.2017 07:00:00.000 GMT+0900,1.56589,1.56833,1.53218,1.53638,742978.7887
18.12.2017 07:00:00.000 GMT+0900,1.53587,1.55273,1.53255,1.53713,692136.7494
25.12.2017 07:00:00.000 GMT+0900,1.53536,1.53931,1.52791,1.5372,427558.8401
01.01.2018 07:00:00.000 GMT+0900,1.53849,1.54306,1.52886,1.52964,570851.9701
08.01.2018 07:00:00.000 GMT+0900,1.52881,1.54461,1.51545,1.54071,847602.2744
15.01.2018 07:00:00.000 GMT+0900,1.54253,1.54405,1.5261,1.52799,956171.7334
22.01.2018 07:00:00.000 GMT+0900,1.53346,1.54949,1.52696,1.53191,1113077.8204
29.01.2018 07:00:00.000 GMT+0900,1.53321,1.5731,1.52594,1.57205,1284383.1697
05.02.2018 07:00:00.000 GMT+0900,1.57061,1.57958,1.56336,1.56729,1478281.4891
12.02.2018 07:00:00.000 GMT+0900,1.5663,1.58167,1.56074,1.56829,1236987.2796
19.02.2018 07:00:00.000 GMT+0900,1.56769,1.57588,1.56058,1.56709,1121306.9388
26.02.2018 07:00:00.000 GMT+0900,1.56692,1.59192,1.56179,1.58612,1174877.8093
05.03.2018 07:00:00.000 GMT+0900,1.58793,1.5977,1.56758,1.56758,1234346.4888
12.03.2018 06:00:00.000 GMT+0900,1.56754,1.59371,1.56223,1.59265,1007857.999
19.03.2018 06:00:00.000 GMT+0900,1.59076,1.60554,1.58594,1.60487,1160471.7413
26.03.2018 06:00:00.000 GMT+0900,1.60275,1.61907,1.59753,1.60338,1026187.0624
02.04.2018 06:00:00.000 GMT+0900,1.60014,1.60848,1.58982,1.59993,941866.1097
09.04.2018 06:00:00.000 GMT+0900,1.5986,1.60609,1.57748,1.58791,934228.1911
16.04.2018 06:00:00.000 GMT+0900,1.58666,1.60299,1.5848,1.60149,828416.4694
23.04.2018 06:00:00.000 GMT+0900,1.59914,1.614,1.59675,1.59956,999993.979999999
30.04.2018 06:00:00.000 GMT+0900,1.59947,1.60562,1.58437,1.58609,970666.9989
07.05.2018 06:00:00.000 GMT+0900,1.58497,1.59636,1.57756,1.5826,974790.9482
14.05.2018 06:00:00.000 GMT+0900,1.5822,1.58881,1.56539,1.56668,978097.8911
21.05.2018 06:00:00.000 GMT+0900,1.56398,1.56645,1.54055,1.54276,1032893.4702
28.05.2018 06:00:00.000 GMT+0900,1.54559,1.553,1.53154,1.53973,1130360.5605
04.06.2018 06:00:00.000 GMT+0900,1.54098,1.55577,1.52745,1.54883,1020412.6329
11.06.2018 06:00:00.000 GMT+0900,1.55051,1.5693,1.54268,1.55928,885116.4674
18.06.2018 06:00:00.000 GMT+0900,1.55645,1.57553,1.5544,1.56611,1055396.5692
25.06.2018 06:00:00.000 GMT+0900,1.56694,1.58257,1.56576,1.57625,1153543.1678
02.07.2018 06:00:00.000 GMT+0900,1.57714,1.58874,1.57274,1.5802,975081.0335
09.07.2018 06:00:00.000 GMT+0900,1.57842,1.5881,1.56999,1.57361,988047.5212
16.07.2018 06:00:00.000 GMT+0900,1.57489,1.58899,1.56564,1.57956,1051057.7219
23.07.2018 06:00:00.000 GMT+0900,1.57921,1.58691,1.57012,1.57434,942621.9595
30.07.2018 06:00:00.000 GMT+0900,1.57452,1.58197,1.56268,1.56268,819137.8237
06.08.2018 06:00:00.000 GMT+0900,1.56326,1.57023,1.55796,1.56343,823652.0098
13.08.2018 06:00:00.000 GMT+0900,1.56225,1.57269,1.56163,1.56316,954224.2672
20.08.2018 06:00:00.000 GMT+0900,1.56333,1.59463,1.56023,1.5856,836190.9281
27.08.2018 06:00:00.000 GMT+0900,1.58469,1.61601,1.58397,1.6122,857021.9863
03.09.2018 06:00:00.000 GMT+0900,1.61216,1.6289,1.6041,1.62492,882659.5506
10.09.2018 06:00:00.000 GMT+0900,1.62553,1.63536,1.61368,1.62432,841359.5757
17.09.2018 06:00:00.000 GMT+0900,1.62379,1.63329,1.60517,1.61137,874570.1832
24.09.2018 06:00:00.000 GMT+0900,1.61552,1.62535,1.60299,1.60717,841402.3208
01.10.2018 06:00:00.000 GMT+0900,1.60715,1.63525,1.59852,1.63349,959923.8679
08.10.2018 06:00:00.000 GMT+0900,1.63244,1.63573,1.61467,1.6241,1028157.5332
15.10.2018 06:00:00.000 GMT+0900,1.62232,1.6284,1.60485,1.61668,976552.9995
22.10.2018 06:00:00.000 GMT+0900,1.61793,1.62495,1.60333,1.60794,1111339.7726
29.10.2018 06:00:00.000 GMT+0900,1.605,1.61496,1.57418,1.58219,1042660.9987
05.11.2018 07:00:00.000 GMT+0900,1.58296,1.58514,1.56324,1.56771,1006968.66
12.11.2018 07:00:00.000 GMT+0900,1.56738,1.56926,1.55193,1.55682,1055438.33
